{"x0": [-17.6577, -10.7812], "T0": 2.76963, "grad0": [-0.973426, -0.229002], "x1": [-17.3701, -11.3486], "T1": 2.7101, "grad1": [-0.970973, -0.23919], "xHat": [-18, -11.4375], "listIndices": [1,1,1],"listxk": [[-17.6577, -10.7812],[-17.3701, -11.3486],[-18, -11.4375]],"listB0k": [[0, 0],[0, 0]],"listBk": [[0, 0],[0, 0]],"listBkBk1": [[0, 0],[0, 0]],"plotBefore": 0, "plotAfter": 0, "plotOpti": 0}