{"x0": [-13.3781, -8.83965], "T0": 1.99423, "grad0": [1.6219, 1.16035], "x1": [-14.0591, -8.26072], "T1": 1.97747, "grad1": [0.940912, 1.73928], "xHat": [-12.9374, -8.48278], "listIndices": [1,1,1,1,1],"listxk": [[-13.3781, -8.83965],[-14.0591, -8.26072],[-13.2089, -7.98491],[-12.9374, -8.48278]],"listB0k": [[0, 0],[0, 0],[0, 0]],"listBk": [[0, 0],[0, 0],[0, 0]],"listBkBk1": [[0, 0],[0, 0],[0, 0],[0, 0]],"plotBefore": 1, "plotAfter": 1, "plotOpti": 1}