{"x0": [-13.972, -10.828], "T0": 1.32, "grad0": [1.02804, -0.827976], "x1": [-13.2649, -10.7451], "T1": 1.88832, "grad1": [1.73512, -0.745064], "xHat": [-13.5812, -11.8643], "listIndices": [1,1,1,1,1],"listxk": [[-13.972, -10.828],[-13.2649, -10.7451],[-13.2076, -11.3656],[-13.5812, -11.8643]],"listB0k": [[0, 0],[0, 0],[0, 0]],"listBk": [[0, 0],[0, 0],[0, 0]],"listBkBk1": [[0, 0],[0, 0],[0, 0],[0, 0]],"plotBefore": 1, "plotAfter": 1, "plotOpti": 1}