{"x0": [-15.8825, -10.9736], "T0": 1.31401, "grad0": [-0.882479, -0.973581], "x1": [-16.2134, -11.444], "T1": 1.8861, "grad1": [-1.21342, -1.44395], "xHat": [-16.7758, -11.2022], "listIndices": [1,1,1],"listxk": [[-15.8825, -10.9736],[-16.2134, -11.444],[-16.7758, -11.2022]],"listB0k": [[0, 0],[0, 0]],"listBk": [[0, 0],[0, 0]],"listBkBk1": [[0, 0],[0, 0]],"plotBefore": 1, "plotAfter": 1, "plotOpti": 1}