{"x0": [9.01007, -4.73991], "T0": 25.8879, "grad0": [0.62334, 0.781951], "x1": [8.91007, -4.53991], "T1": 25.9956, "grad1": [0.453991, 0.891007], "xHat": [9.5388, -3.97683], "listIndices": [1, 1, 1, 1.452, 1], "listxk": [[9.01007, -4.73991], [8.91007, -4.53991], [9.2388, -3.82683], [9.5388, -3.97683]], "listB0k": [[-0.1, 0.2], [0.22873, 0.913071], [0.52873, 0.763071]], "listBk": [[-0.1, 0.2], [0.22873, 0.913071], [0.52873, 0.763071]], "listBkBk1": [[0.402287, 0.789532], [0.339101, 0.818662], [0.3, -0.15], [0.3, -0.15]], "plotBefore": 1, "plotAfter": 1, "plotOpti": 1, "params": [0.307375557777, 0.162215458139, 0.162215458139, 0.999999999993, 1.0], "nIndCrTop": 0, "indCrTop": [], "paramsCrTop": [], "nIndStTop": 0, "indStTop": [], "paramsStTop": [], "THat": 26.814713831525, "grads": [0.616511544973, 0.787345867402, 0.0, 0.0, 0.624427316119, 0.78108291934, 0.0, 0.0, 0.0, 0.0], "path": [8.979332444222, -4.678434888445, 9.04717354174, -4.591795135781, 9.04717354174, -4.591795135781, 9.538799999996, -3.976830000005, 9.5388, -3.97683], "gradHat": [0.624427316119, 0.78108291934]}