{"x0": [-16.0362, -8.30101], "T0": 1.99002, "grad0": [-1.03616, 1.69899], "x1": [-16.0994, -8.86118], "T1": 1.5829, "grad1": [-1.09939, 1.13882], "xHat": [-15.9545, -7.57768], "listIndices": [1, 1, 1, 1, 1, 1, 1], "listxk": [[-16.0362, -8.30101], [-16.0994, -8.86118], [-17.1795, -8.42017], [-16.433, -7.90065], [-15.9545, -7.57768]], "listB0k": [[0, 0], [0, 0], [0, 0], [0, 0]], "listBk": [[0, 0], [0, 0], [0, 0], [0, 0]], "listBkBk1": [[0, 0], [0, 0], [0, 0], [0, 0], [0, 0], [0, 0]], "plotBefore": 1, "plotAfter": 1, "plotOpti": 1, "params": [0.192967461123, 0.031487307101, 0.031487307101, 0.05064078679, 0.05064078679, 0.999997416483, 1.0], "nIndCrTop": 0, "indCrTop": [], "paramsCrTop": [], "nIndStTop": 0, "indStTop": [], "paramsStTop": [], "THat": 2.638999483597, "grads": [0.052026995805, 0.998645678761, 0.0, 0.0, 0.113457722565, 0.993542825041, 0.0, 0.0, 0.116708242354, 0.993166242966, -0.8, 0.6, 0.0, 0.0], "path": [-16.042351791947, -8.355536096439, -16.039529192776, -8.301356983829, -16.039529192776, -8.301356983829, -16.039149704996, -8.298033830916, -16.039149704996, -8.298033830916, -15.954500000002, -7.577680000014, -15.9545, -7.57768], "gradHat": [-0.8, 0.6]}