{"x0": [-13.3781, -8.83965], "T0": 1.99423, "grad0": [1.6219, 1.16035], "x1": [-13.4704, -9.52233], "T1": 1.60242, "grad1": [1.52957, 0.477669], "xHat": [-12.6135, -9.62371], "listIndices": [1, 1, 1], "listxk": [[-13.3781, -8.83965], [-13.4704, -9.52233], [-12.6135, -9.62371]], "listB0k": [[0, 0], [0, 0]], "listBk": [[0, 0], [0, 0]], "listBkBk1": [[0, 0], [0, 0]], "plotBefore": 1, "plotAfter": 1, "plotOpti": 1, "params": [1.0, 0.460918370552, 1.0], "nIndCrTop": 0, "indCrTop": [], "paramsCrTop": [], "nIndStTop": 0, "indStTop": [], "paramsStTop": [], "THat": 2.759990751697, "grads": [0.787415168471, 0.616423030444, -0.948683298051, 0.316227766017, 0.0, 0.0], "path": [-13.4704, -9.52233, -13.040531439418, -9.185810091041, 0.0, 0.0], "gradHat": [-0.948683298051, 0.316227766017]}